store,item,mean_daily_demand,rmse_forecast,lead_time_days,service_level_z,safety_stock,reorder_point,annual_demand,eoq,stock_coverage_days,current_stock_proxy,inventory_status,recommended_order_qty
1,1,20.5731,4.5119,7,1.65,19.6967,163.7085,7509.1873,612.7474,11.5135,236.8689,SAFE,0.0
1,2,55.2064,7.5088,7,1.65,32.7794,419.224,20150.3276,1003.7512,7.8277,432.1369,SAFE,0.0
1,3,35.464,5.8359,7,1.65,25.4764,273.7246,12944.3708,804.4989,12.4446,441.3349,SAFE,0.0
1,4,20.3966,4.2762,7,1.65,18.6676,161.4437,7444.7556,610.1129,10.671,217.653,SAFE,0.0
1,5,17.5647,4.177,7,1.65,18.2345,141.1874,6411.1184,566.1766,4.036,70.8903,REORDER,566.1766
1,6,53.5475,8.462,7,1.65,36.9409,411.7734,19544.8368,988.5554,13.7318,735.306,SAFE,0.0
1,7,55.477,7.801,7,1.65,34.0551,422.3941,20249.1057,1006.2084,11.3725,630.9142,SAFE,0.0
1,8,72.4638,9.1177,7,1.65,39.8032,547.0501,26449.3048,1149.9849,11.6467,843.9652,SAFE,0.0
1,9,45.0604,7.758,7,1.65,33.8674,349.2903,16447.0536,906.8366,4.4092,198.6827,REORDER,906.8366
1,10,70.0886,9.2076,7,1.65,40.1956,530.8159,25582.343,1130.9806,7.9542,557.502,SAFE,0.0
1,11,65.7904,8.6405,7,1.65,37.72,498.2531,24013.5129,1095.7535,7.0788,465.716,REORDER,1095.7535
1,12,67.8575,6.8948,7,1.65,30.0991,505.1017,24767.9911,1112.834,13.1944,895.3401,SAFE,0.0
1,13,79.6159,9.3233,7,1.65,40.7009,598.0124,29059.8121,1205.4006,10.0825,802.7288,SAFE,0.0
1,14,54.8772,7.0731,7,1.65,30.8778,415.0178,20030.1605,1000.7537,12.0504,661.2904,SAFE,0.0
1,15,80.3691,9.7488,7,1.65,42.5582,605.142,29334.7247,1211.0889,7.8776,633.1122,SAFE,0.0
1,16,23.9692,5.7592,7,1.65,25.1416,192.9257,8748.7455,661.3904,5.4996,131.8214,REORDER,661.3904
1,17,30.0092,5.1651,7,1.65,22.5481,232.6121,10953.3409,740.0453,9.1004,273.0963,SAFE,0.0
1,18,77.7595,9.5484,7,1.65,41.6833,585.9999,28382.2186,1191.2644,3.702,287.8649,REORDER,1191.2644
1,19,39.4465,5.9813,7,1.65,26.1114,302.2372,14397.9897,848.4689,12.1039,477.4588,SAFE,0.0
1,20,47.7772,7.2756,7,1.65,31.7614,366.2016,17438.6688,933.7738,9.9483,475.3021,SAFE,0.0
1,21,37.6063,5.7895,7,1.65,25.2742,288.518,13726.2843,828.4408,11.339,426.4161,SAFE,0.0
1,22,76.2503,7.8725,7,1.65,34.3672,568.1193,27831.3637,1179.6475,6.8998,526.1108,REORDER,1179.6475
1,23,28.3636,5.244,7,1.65,22.8925,221.4376,10352.7097,719.4689,13.6777,387.948,SAFE,0.0
1,24,62.2696,8.0229,7,1.65,35.0239,470.9109,22728.3968,1066.0299,12.8243,798.5658,SAFE,0.0
1,25,74.556,9.2148,7,1.65,40.2271,562.1192,27212.9454,1166.4679,11.5622,862.0329,SAFE,0.0
1,26,43.696,7.4079,7,1.65,32.3393,338.2115,15949.0505,893.002,5.141,224.6424,REORDER,893.002
1,27,20.948,3.9962,7,1.65,17.4454,164.0815,7646.0273,618.3052,8.1339,170.3898,SAFE,0.0
1,28,84.2419,10.3962,7,1.65,45.3845,635.0778,30748.2913,1239.9252,3.4818,293.3169,REORDER,1239.9252
1,29,66.1276,9.1322,7,1.65,39.8665,502.7598,24136.5784,1098.5577,4.6972,310.6136,REORDER,1098.5577
1,30,38.0103,5.393,7,1.65,23.5429,289.615,13873.7594,832.8793,10.5135,399.6227,SAFE,0.0
1,31,54.9648,7.167,7,1.65,31.2874,416.041,20062.1524,1001.5526,11.1924,615.1871,SAFE,0.0
1,32,41.7492,6.5796,7,1.65,28.723,320.9671,15238.4408,872.8815,13.6426,569.5673,SAFE,0.0
1,33,65.8672,8.4103,7,1.65,36.7149,497.7851,24041.5171,1096.3922,6.5841,433.6746,REORDER,1096.3922
1,34,24.4234,4.6986,7,1.65,20.5117,191.4758,8914.559,667.6286,7.0751,172.7973,REORDER,667.6286
1,35,60.8389,7.6801,7,1.65,33.5275,459.3998,22206.1978,1053.7124,8.1651,496.7565,SAFE,0.0
1,36,71.1439,9.3543,7,1.65,40.8363,538.8435,25967.5209,1139.4631,5.0842,361.7087,REORDER,1139.4631
1,37,26.1561,6.5863,7,1.65,28.7524,211.8447,9546.9596,690.9037,4.4291,115.8487,REORDER,690.9037
1,38,79.9533,10.4535,7,1.65,45.6345,605.3076,29182.9516,1207.9518,8.2328,658.2358,SAFE,0.0
1,39,40.6687,7.3257,7,1.65,31.9805,316.6611,14844.0646,861.5122,5.496,223.5151,REORDER,861.5122
1,40,28.7144,5.3142,7,1.65,23.1991,224.2,10480.764,723.9048,10.368,297.7098,SAFE,0.0
1,41,21.9624,5.6349,7,1.65,24.5993,178.3362,8016.2814,633.0988,7.8087,171.4973,REORDER,633.0988
1,42,34.7694,6.1945,7,1.65,27.0419,270.4278,12690.8387,796.5814,12.1595,422.7774,SAFE,0.0
1,43,49.073,7.5251,7,1.65,32.8507,376.3619,17911.6532,946.3523,10.7029,525.2244,SAFE,0.0
1,44,28.1228,6.0729,7,1.65,26.5112,223.3706,10264.812,716.4081,6.436,180.9991,REORDER,716.4081
1,45,74.891,8.9411,7,1.65,39.0324,563.2692,27335.2037,1169.0852,12.1549,910.2891,SAFE,0.0
1,46,54.7994,7.4281,7,1.65,32.4274,416.0231,20001.7769,1000.0444,11.8524,649.5047,SAFE,0.0
1,47,22.0501,4.555,7,1.65,19.885,174.2354,8048.2713,634.3608,7.2623,160.1333,REORDER,634.3608
1,48,49.028,6.2523,7,1.65,27.2943,370.49,17895.2039,945.9176,6.1716,302.5814,REORDER,945.9176
1,49,27.9068,4.8979,7,1.65,21.3818,216.7297,10185.9981,713.6525,10.5075,293.2298,SAFE,0.0
1,50,60.6081,7.4866,7,1.65,32.6826,456.9394,22121.9648,1051.7121,4.5373,274.9959,REORDER,1051.7121
2,1,28.8121,5.8029,7,1.65,25.3326,227.0175,10516.4289,725.1355,5.199,149.794,REORDER,725.1355
2,2,79.0908,8.6439,7,1.65,37.7347,591.37,28868.1268,1201.4185,3.081,243.6774,REORDER,1201.4185
2,3,49.5731,7.4325,7,1.65,32.4465,379.4585,18094.1964,951.1624,11.6562,577.8329,SAFE,0.0
2,4,29.7743,5.0509,7,1.65,22.0495,230.4696,10867.6186,737.1438,10.3134,307.073,SAFE,0.0
2,5,24.0095,4.9692,7,1.65,21.6931,189.7598,8763.4756,661.947,10.7568,258.2661,SAFE,0.0
2,6,79.8442,10.4932,7,1.65,45.8079,604.7175,29143.1403,1207.1276,11.588,925.2364,SAFE,0.0
2,7,76.8328,8.545,7,1.65,37.3032,575.1326,28043.9619,1184.1445,8.0481,618.3558,SAFE,0.0
2,8,101.9294,10.9986,7,1.65,48.0144,761.5202,37204.2309,1363.8957,9.2562,943.4741,SAFE,0.0
2,9,67.1824,8.2167,7,1.65,35.8697,506.1462,24521.5582,1107.284,4.5378,304.8579,REORDER,1107.284
2,10,99.9821,11.7746,7,1.65,51.402,751.277,36493.4796,1350.8049,4.2598,425.907,REORDER,1350.8049
2,11,94.0508,9.8452,7,1.65,42.9793,701.3347,34328.5313,1310.1246,10.3524,973.6543,SAFE,0.0
2,12,92.2712,9.7541,7,1.65,42.5814,688.4796,33678.9749,1297.6705,8.1821,754.968,SAFE,0.0
2,13,111.6886,10.6945,7,1.65,46.6868,828.5074,40766.3552,1427.6967,9.2176,1029.5009,SAFE,0.0
2,14,77.0441,8.4931,7,1.65,37.0766,576.385,28121.0792,1185.7715,11.415,879.4569,SAFE,0.0
2,15,117.7799,10.1597,7,1.65,44.3519,868.8114,42989.677,1466.1118,9.9819,1175.6677,SAFE,0.0
2,16,33.3067,6.5241,7,1.65,28.4808,261.6277,12156.9451,779.6456,9.0894,302.737,SAFE,0.0
2,17,44.6082,6.9457,7,1.65,30.3213,342.5789,16282.0052,902.275,9.1513,408.2224,SAFE,0.0
2,18,112.2156,10.4168,7,1.65,45.4743,830.9833,40958.6828,1431.0605,6.3435,711.834,REORDER,1431.0605
2,19,54.6284,7.2291,7,1.65,31.5584,413.9572,19939.3704,998.4831,3.339,182.4041,REORDER,998.4831
2,20,63.0822,7.1842,7,1.65,31.3627,472.9384,23025.0202,1072.9637,7.8039,492.287,SAFE,0.0
2,21,52.2962,8.8149,7,1.65,38.4815,404.555,19088.1187,976.937,5.3604,280.3303,REORDER,976.937
2,22,103.1522,10.751,7,1.65,46.9332,768.9985,37650.5479,1372.0523,7.4938,773.0034,SAFE,0.0
2,23,38.0165,6.4401,7,1.65,28.1142,294.2298,13876.0275,832.9474,12.3874,470.927,SAFE,0.0
2,24,89.3218,8.6897,7,1.65,37.9347,663.1873,32602.4568,1276.7626,5.5733,497.8203,REORDER,1276.7626
2,25,106.3928,11.7036,7,1.65,51.092,795.8419,38833.3873,1393.438,3.6413,387.4115,REORDER,1393.438
2,26,67.074,9.4935,7,1.65,41.4437,510.9613,24481.994,1106.3904,6.0952,408.8307,REORDER,1106.3904
2,27,29.2925,5.0292,7,1.65,21.9549,227.0024,10691.7662,731.1555,6.2295,182.4786,REORDER,731.1555
2,28,114.7963,11.3723,7,1.65,49.6455,853.2196,41900.6499,1447.4227,10.2811,1180.2301,SAFE,0.0
2,29,91.6742,9.84,7,1.65,42.9565,684.6758,33461.0809,1293.4659,9.1274,836.7428,SAFE,0.0
2,30,53.6151,8.2157,7,1.65,35.8654,411.1709,19569.4978,989.1789,11.6229,623.1615,SAFE,0.0
2,31,75.2995,9.5616,7,1.65,41.741,568.8379,27484.3355,1172.2699,10.3074,776.1463,SAFE,0.0
2,32,59.7735,9.46,7,1.65,41.2977,459.7125,21817.3403,1044.4458,7.4703,446.5236,REORDER,1044.4458
2,33,87.7677,11.3654,7,1.65,49.6153,663.9892,32035.2071,1265.6067,11.9542,1049.1947,SAFE,0.0
2,34,34.0482,6.21,7,1.65,27.1098,265.4474,12427.6006,788.2766,4.8367,164.6811,REORDER,788.2766
2,35,90.7508,9.5256,7,1.65,41.5839,676.8396,33124.0474,1286.9353,3.2498,294.925,REORDER,1286.9353
2,36,105.5754,11.8767,7,1.65,51.8474,790.8753,38535.0262,1388.0747,3.9905,421.3015,REORDER,1388.0747
2,37,39.8997,6.8663,7,1.65,29.9747,309.2726,14563.3928,853.3286,10.946,436.7403,SAFE,0.0
2,38,106.5348,11.0624,7,1.65,48.2929,794.0367,38885.211,1394.3674,8.0806,860.8706,SAFE,0.0
2,39,56.1832,7.0671,7,1.65,30.8514,424.1339,20506.8746,1012.5926,4.774,268.2181,REORDER,1012.5926
2,40,38.9499,6.5062,7,1.65,28.4027,301.052,14216.7154,843.1108,8.5115,331.5218,SAFE,0.0
2,41,29.3642,5.3889,7,1.65,23.5252,229.0743,10717.9171,732.0491,4.6754,137.2902,REORDER,732.0491
2,42,49.7126,6.6221,7,1.65,28.9086,376.8966,18145.0898,952.4991,10.6595,529.9124,SAFE,0.0
2,43,68.3856,8.4545,7,1.65,36.9081,515.6075,24960.7559,1117.1561,7.9077,540.7744,SAFE,0.0
2,44,38.0794,6.9139,7,1.65,30.1826,296.7382,13898.9693,833.6357,7.1912,273.8376,REORDER,833.6357
2,45,109.993,11.6984,7,1.65,51.069,821.0201,40147.4509,1416.8178,6.3166,694.7855,REORDER,1416.8178
2,46,76.0346,8.6361,7,1.65,37.7009,569.9431,27752.6298,1177.9777,9.9331,755.26,SAFE,0.0
2,47,29.4297,6.1709,7,1.65,26.9389,232.9471,10741.8541,732.8661,6.9799,205.4178,REORDER,732.8661
2,48,66.9822,8.3978,7,1.65,36.6604,505.536,24448.5141,1105.6336,3.9641,265.5275,REORDER,1105.6336
2,49,38.7417,5.8269,7,1.65,25.4372,296.629,14140.7176,840.8543,4.2981,166.5143,REORDER,840.8543
2,50,87.6571,9.7671,7,1.65,42.6382,656.2379,31994.8418,1264.8091,13.5809,1190.4601,SAFE,0.0
3,1,27.5807,4.5638,7,1.65,19.9234,212.9885,10066.9682,709.4705,12.9944,358.3948,SAFE,0.0
3,2,69.9419,7.3195,7,1.65,31.9534,521.5469,25528.8057,1129.7966,10.6968,748.1534,SAFE,0.0
3,3,46.2755,8.3405,7,1.65,36.4102,360.3388,16890.5609,918.9821,5.9246,274.1625,REORDER,918.9821
3,4,26.8764,5.3444,7,1.65,23.3308,211.4657,9809.8931,700.3532,13.6609,367.1572,SAFE,0.0
3,5,22.4841,4.3893,7,1.65,19.1615,176.5506,8206.7145,640.5745,11.5663,260.0575,SAFE,0.0
3,6,67.6768,7.786,7,1.65,33.9896,507.7271,24702.0291,1111.3512,10.8858,736.7155,SAFE,0.0
3,7,69.6728,7.4926,7,1.65,32.7087,520.4181,25430.5624,1127.6206,7.943,553.4092,SAFE,0.0
3,8,88.4978,9.7809,7,1.65,42.6986,662.183,32301.6873,1270.8597,5.9947,530.5138,REORDER,1270.8597
3,9,58.3583,7.3105,7,1.65,31.9139,440.422,21300.777,1032.0072,4.0603,236.9522,REORDER,1032.0072
3,10,87.7694,10.2694,7,1.65,44.831,659.2169,32035.8357,1265.6191,12.9286,1134.7379,SAFE,0.0
3,11,81.276,9.6333,7,1.65,42.0541,610.986,29665.7363,1217.9026,8.0135,651.3083,SAFE,0.0
3,12,82.25,9.6376,7,1.65,42.073,617.8233,30021.2625,1225.1788,5.226,429.8384,REORDER,1225.1788
3,13,99.2807,10.8855,7,1.65,47.5206,742.4857,36237.4663,1346.0584,6.3655,631.9738,REORDER,1346.0584
3,14,69.767,8.3149,7,1.65,36.2986,524.6673,25464.9398,1128.3825,9.3714,653.8151,SAFE,0.0
3,15,104.4333,10.5709,7,1.65,46.1472,777.1805,38118.1668,1380.5464,4.9445,516.3707,REORDER,1380.5464
3,16,30.9897,4.9596,7,1.65,21.6511,238.5789,11311.2341,752.0384,12.4228,384.9773,SAFE,0.0
3,17,38.9439,6.5911,7,1.65,28.7735,301.3808,14214.5269,843.0459,11.3437,441.7686,SAFE,0.0
3,18,97.6557,11.4447,7,1.65,49.9616,733.5513,35644.3203,1334.9966,10.9141,1065.823,SAFE,0.0
3,19,48.8001,7.5332,7,1.65,32.8863,374.4871,17812.0446,943.7172,7.753,378.3485,SAFE,0.0
3,20,55.9796,8.3737,7,1.65,36.5553,428.4124,20432.5521,1010.756,9.9004,554.2202,SAFE,0.0
3,21,48.5282,6.6727,7,1.65,29.1297,368.8272,17712.7973,941.0844,9.4251,457.3822,SAFE,0.0
3,22,95.9298,9.7515,7,1.65,42.5702,714.0787,35014.3766,1323.1473,10.1483,973.5256,SAFE,0.0
3,23,35.4072,5.8635,7,1.65,25.5973,273.4478,12923.6342,803.8543,3.9289,139.111,REORDER,803.8543
3,24,76.4508,12.3113,7,1.65,53.7447,588.9003,27904.5388,1181.1972,7.5739,579.0292,REORDER,1181.1972
3,25,96.8959,9.0057,7,1.65,39.3143,717.5859,35367.0177,1329.7936,3.4578,335.0425,REORDER,1329.7936
3,26,57.9504,8.3625,7,1.65,36.5066,442.1592,21151.884,1028.394,8.4339,488.7475,SAFE,0.0
3,27,26.4826,5.2887,7,1.65,23.0878,208.4663,9666.1662,695.2038,6.6285,175.5395,REORDER,695.2038
3,28,105.4105,11.0194,7,1.65,48.1052,785.9784,38474.8149,1386.9898,4.5898,483.8093,REORDER,1386.9898
3,29,82.702,10.2396,7,1.65,44.7011,623.6153,30186.2412,1228.5406,4.1374,342.1741,REORDER,1228.5406
3,30,49.415,7.1708,7,1.65,31.3041,377.2091,18036.4771,949.6441,9.4641,467.6681,SAFE,0.0
3,31,69.2616,7.9518,7,1.65,34.7135,519.545,25280.4986,1124.2886,4.8765,337.756,REORDER,1124.2886
3,32,51.5954,7.9235,7,1.65,34.5899,395.7575,18832.3099,970.3687,13.1763,679.8372,SAFE,0.0
3,33,80.1431,9.0034,7,1.65,39.3041,600.3059,29252.2373,1209.3849,9.3917,752.6779,SAFE,0.0
3,34,32.0164,5.969,7,1.65,26.0575,250.172,11685.9731,764.3943,6.8156,218.2097,REORDER,764.3943
3,35,77.0398,8.1569,7,1.65,35.6089,574.8872,28119.5148,1185.7385,9.5001,731.8832,SAFE,0.0
3,36,92.3515,9.5869,7,1.65,41.8515,688.3124,33708.3155,1298.2356,3.2508,300.2203,REORDER,1298.2356
3,37,35.7858,5.9604,7,1.65,26.02,276.5203,13061.8004,808.1399,13.5442,484.6877,SAFE,0.0
3,38,94.5179,10.7947,7,1.65,47.1243,708.7499,34499.0505,1313.3745,8.3053,785.0035,SAFE,0.0
3,39,50.7102,7.7074,7,1.65,33.6467,388.6183,18509.2351,962.0092,11.6101,588.7502,SAFE,0.0
3,40,36.5438,6.784,7,1.65,29.6156,285.4222,13338.4876,816.6544,3.91,142.8874,REORDER,816.6544
3,41,26.5467,4.8752,7,1.65,21.2826,207.1096,9689.5523,696.0443,8.3532,221.7512,SAFE,0.0
3,42,45.1722,7.5134,7,1.65,32.7997,349.0053,16487.864,907.961,8.3978,379.3463,SAFE,0.0
3,43,59.0886,7.7941,7,1.65,34.025,447.6455,21567.3511,1038.4448,13.3161,786.8296,SAFE,0.0
3,44,33.5518,5.7743,7,1.65,25.2079,260.0703,12246.4,782.5088,9.289,311.6628,SAFE,0.0
3,45,97.5314,11.5216,7,1.65,50.2974,733.0171,35598.9532,1334.1468,8.2084,800.575,SAFE,0.0
3,46,70.1462,7.9132,7,1.65,34.545,525.5684,25603.3621,1131.4451,5.9367,416.4392,REORDER,1131.4451
3,47,27.4146,4.936,7,1.65,21.5479,213.4501,10006.3292,707.3305,6.6473,182.2319,REORDER,707.3305
3,48,59.3415,8.3065,7,1.65,36.262,451.6524,21659.6388,1040.6642,8.7274,517.8966,SAFE,0.0
3,49,34.8399,5.0292,7,1.65,21.9549,265.8341,12716.5603,797.3882,7.828,272.7276,SAFE,0.0
3,50,78.8499,8.7302,7,1.65,38.1114,590.0607,28780.2105,1199.5876,3.2377,255.2949,REORDER,1199.5876
4,1,23.0986,5.0848,7,1.65,22.1978,183.8881,8430.995,649.2686,12.0892,279.2441,SAFE,0.0
4,2,63.5495,7.9071,7,1.65,34.5182,479.3648,23195.5757,1076.9303,12.8578,817.105,SAFE,0.0
4,3,40.1138,6.5098,7,1.65,28.4184,309.2151,14641.5423,855.615,4.5427,182.2266,REORDER,855.615
4,4,23.6813,5.3979,7,1.65,23.5643,189.3331,8643.6578,657.4062,9.0944,215.3667,SAFE,0.0
4,5,19.315,4.6145,7,1.65,20.1445,155.3495,7049.9759,593.7161,4.1943,81.0136,REORDER,593.7161
4,6,63.2673,8.5772,7,1.65,37.4438,480.3151,23092.5715,1074.5364,10.3946,657.6411,SAFE,0.0
4,7,64.4547,8.7696,7,1.65,38.2837,489.4668,23525.9748,1084.5731,6.0936,392.7595,REORDER,1084.5731
4,8,86.1805,9.3091,7,1.65,40.6386,643.9018,31455.8658,1254.1106,10.2536,883.6641,SAFE,0.0
4,9,54.6802,8.5142,7,1.65,37.1686,419.9301,19958.2774,998.9564,10.9969,601.3151,SAFE,0.0
4,10,81.794,9.9398,7,1.65,43.3922,615.9503,29854.8124,1221.7776,11.4551,936.9604,SAFE,0.0
4,11,77.469,8.9657,7,1.65,39.1395,581.4225,28276.1865,1189.0371,4.1852,324.2194,REORDER,1189.0371
4,12,73.9272,10.0083,7,1.65,43.6912,561.1819,26983.4433,1161.5387,13.0761,966.6822,SAFE,0.0
4,13,90.3286,10.056,7,1.65,43.8993,676.1997,32969.946,1283.9382,5.5324,499.7299,REORDER,1283.9382
4,14,62.9696,8.0948,7,1.65,35.3376,476.1246,22983.8946,1072.005,3.4115,214.8231,REORDER,1072.005
4,15,92.2542,12.0175,7,1.65,52.4622,698.2413,33672.7679,1297.5509,9.1034,839.8244,SAFE,0.0
4,16,29.3299,5.7261,7,1.65,24.9973,230.3066,10705.4097,731.6218,7.0801,207.6599,REORDER,731.6218
4,17,34.1757,5.8601,7,1.65,25.582,264.8122,12474.145,789.7514,12.1277,414.4727,SAFE,0.0
4,18,96.0043,10.9907,7,1.65,47.98,720.01,35041.5659,1323.6609,11.8908,1141.5646,SAFE,0.0
4,19,43.3511,6.6312,7,1.65,28.9486,332.4066,15823.1657,889.4708,6.4885,281.2851,REORDER,889.4708
4,20,52.5425,7.266,7,1.65,31.7196,399.5171,19178.0136,979.2347,13.4819,708.3724,SAFE,0.0
4,21,42.2453,7.6183,7,1.65,33.2576,328.9747,15419.533,878.0528,6.2001,261.9249,REORDER,878.0528
4,22,84.5931,9.9713,7,1.65,43.5297,635.6817,30876.497,1242.5075,8.6656,733.0527,SAFE,0.0
4,23,31.2683,6.4478,7,1.65,28.1478,247.0258,11412.9248,755.4113,5.8156,181.8444,REORDER,755.4113
4,24,72.8739,8.1085,7,1.65,35.3977,545.5147,26598.9578,1153.2337,13.2965,968.9657,SAFE,0.0
4,25,86.8057,10.582,7,1.65,46.1956,653.8357,31684.0899,1258.6519,4.8107,417.5951,REORDER,1258.6519
4,26,53.9755,7.1955,7,1.65,31.412,409.2407,19701.0688,992.4986,3.494,188.5914,REORDER,992.4986
4,27,23.7411,5.2512,7,1.65,22.9242,189.112,8665.5048,658.2365,7.7861,184.8499,REORDER,658.2365
4,28,96.1319,11.4646,7,1.65,50.0485,722.9717,35088.1375,1324.5402,13.9161,1337.7839,SAFE,0.0
4,29,76.0551,8.4034,7,1.65,36.6848,569.0703,27760.1034,1178.1363,12.8084,974.1477,SAFE,0.0
4,30,46.2652,7.2993,7,1.65,31.865,355.7215,16886.8058,918.8799,11.2347,519.7753,SAFE,0.0
4,31,63.6442,8.4614,7,1.65,36.9382,482.4479,23230.1477,1077.7325,12.7987,814.5646,SAFE,0.0
4,32,47.9949,6.6101,7,1.65,28.8564,364.821,17518.1546,935.8994,12.8279,615.675,SAFE,0.0
4,33,77.5934,8.2007,7,1.65,35.7999,578.9538,28321.5989,1189.9916,8.7074,675.6402,SAFE,0.0
4,34,27.4489,6.0075,7,1.65,26.2258,218.3684,10018.8637,707.7734,6.4752,177.7379,REORDER,707.7734
4,35,71.5246,7.8828,7,1.65,34.4124,535.0849,26106.4931,1142.5081,11.4921,821.9709,SAFE,0.0
4,36,83.8254,8.9073,7,1.65,38.8847,625.6626,30596.2782,1236.8565,10.2783,861.5806,SAFE,0.0
4,37,32.9377,5.9193,7,1.65,25.8408,256.405,12022.2744,775.3152,7.1102,234.1951,REORDER,775.3152
4,38,85.2728,9.6401,7,1.65,42.0837,638.993,31124.5562,1247.4886,4.0391,344.428,REORDER,1247.4886
4,39,48.0074,7.6995,7,1.65,33.6119,369.6636,17522.6954,936.0207,11.2147,538.3877,SAFE,0.0
4,40,32.0367,5.7073,7,1.65,24.9152,249.1722,11693.3981,764.6371,5.8871,188.6022,REORDER,764.6371
4,41,24.0326,4.8697,7,1.65,21.2585,189.4868,8771.9081,662.2654,13.3049,319.7527,SAFE,0.0
4,42,39.8314,6.1811,7,1.65,26.9834,305.8035,14538.4774,852.5983,5.6507,225.0746,REORDER,852.5983
4,43,57.1406,7.8346,7,1.65,34.2018,434.1858,20856.3086,1021.1833,4.3503,248.5808,REORDER,1021.1833
4,44,32.4189,6.2266,7,1.65,27.1822,254.1144,11832.8967,769.1845,12.1422,393.638,SAFE,0.0
4,45,85.9551,10.5225,7,1.65,45.936,647.6219,31373.621,1252.47,4.6861,402.7967,REORDER,1252.47
4,46,65.6609,8.0995,7,1.65,35.3583,494.9845,23966.2253,1094.674,4.972,326.4628,REORDER,1094.674
4,47,22.7991,5.023,7,1.65,21.928,181.5219,8321.6819,645.0458,9.5932,218.7168,SAFE,0.0
4,48,54.9792,7.5659,7,1.65,33.0289,417.883,20067.3937,1001.6834,12.6202,693.847,SAFE,0.0
4,49,33.1864,5.3216,7,1.65,23.2313,255.536,12113.0274,778.2361,5.1608,171.2676,REORDER,778.2361
4,50,71.3123,8.8223,7,1.65,38.5136,537.6995,26028.9792,1140.8107,6.4136,457.3656,REORDER,1140.8107
5,1,17.794,4.1539,7,1.65,18.1336,142.6918,6494.8176,569.8604,11.5515,205.5468,SAFE,0.0
5,2,47.5408,7.4253,7,1.65,32.4152,365.2005,17352.3776,931.4606,13.6901,650.8373,SAFE,0.0
5,3,28.5192,5.6436,7,1.65,24.6371,224.2718,10409.5223,721.4403,8.5082,242.6461,SAFE,0.0
5,4,17.2009,3.7238,7,1.65,16.256,136.6621,6278.3183,560.282,4.5829,78.8294,REORDER,560.282
5,5,15.0712,3.7773,7,1.65,16.4896,121.9879,5500.9856,524.4514,3.1533,47.524,REORDER,524.4514
5,6,45.5683,6.6702,7,1.65,29.1186,348.0969,16632.4387,911.9331,5.5262,251.8204,REORDER,911.9331
5,7,44.333,7.1468,7,1.65,31.1994,341.5303,16181.5366,899.487,4.45,197.2837,REORDER,899.487
5,8,63.1346,8.2193,7,1.65,35.8812,477.8233,23044.1232,1073.4087,10.4542,660.0244,SAFE,0.0
5,9,41.6848,7.6064,7,1.65,33.2058,324.9993,15214.9436,872.2082,4.3402,180.9185,REORDER,872.2082
5,10,56.094,8.1567,7,1.65,35.6078,428.266,20474.3236,1011.7886,8.5696,480.7051,SAFE,0.0
5,11,56.0306,7.578,7,1.65,33.0816,425.2955,20451.1525,1011.2159,10.6369,595.9907,SAFE,0.0
5,12,54.768,6.6337,7,1.65,28.9594,412.3353,19990.317,999.7579,9.3923,514.3965,SAFE,0.0
5,13,68.2247,9.6348,7,1.65,42.0606,519.6333,24902.0082,1115.8407,5.1975,354.6,REORDER,1115.8407
5,14,45.4563,7.0847,7,1.65,30.9281,349.1219,16591.5339,910.811,11.8454,538.4462,SAFE,0.0
5,15,70.0083,8.725,7,1.65,38.0889,528.1468,25553.0173,1130.3322,10.8695,760.9533,SAFE,0.0
5,16,19.447,4.3456,7,1.65,18.9708,155.1002,7098.1721,595.7421,11.1288,216.4228,SAFE,0.0
5,17,25.144,5.8616,7,1.65,25.5886,201.5965,9177.5497,677.405,4.4416,111.6804,REORDER,677.405
5,18,67.6136,8.0502,7,1.65,35.1431,508.438,24678.9483,1110.8319,4.3613,294.8825,REORDER,1110.8319
5,19,32.8864,4.8476,7,1.65,21.1623,251.3674,12003.5535,774.7114,13.2032,434.206,SAFE,0.0
5,20,37.3625,6.7647,7,1.65,29.5314,291.0693,13637.3306,825.7521,7.3734,275.4875,REORDER,825.7521
5,21,30.6182,5.3902,7,1.65,23.5309,237.8583,11175.644,747.5174,6.3104,193.2142,REORDER,747.5174
5,22,62.1477,7.2845,7,1.65,31.8002,466.8343,22683.9186,1064.9864,8.3744,520.4514,SAFE,0.0
5,23,23.4605,5.0878,7,1.65,22.2107,186.434,8563.0752,654.3346,10.2915,241.4437,SAFE,0.0
5,24,51.7638,7.8266,7,1.65,34.1668,396.5131,18893.7698,971.9509,13.5119,699.4244,SAFE,0.0
5,25,63.3268,8.2759,7,1.65,36.1285,479.4163,23114.2886,1075.0416,6.1509,389.5175,REORDER,1075.0416
5,26,38.1417,6.3914,7,1.65,27.9014,294.8932,13921.7174,834.3176,13.1729,502.4364,SAFE,0.0
5,27,18.3463,4.5308,7,1.65,19.7793,148.2034,6696.4008,578.6364,3.2735,60.0558,REORDER,578.6364
5,28,73.3802,9.3314,7,1.65,40.7363,554.3981,26783.7903,1157.2336,9.1072,668.287,SAFE,0.0
5,29,55.3634,7.9523,7,1.65,34.7157,422.2595,20207.644,1005.1777,9.9737,552.1795,SAFE,0.0
5,30,32.2614,6.011,7,1.65,26.2408,252.0708,11775.4219,767.3142,4.1649,134.3647,REORDER,767.3142
5,31,47.7839,7.9209,7,1.65,34.5785,369.066,17441.1365,933.8398,4.5437,217.1176,REORDER,933.8398
5,32,35.2491,6.1081,7,1.65,26.6648,273.4083,12865.9092,802.057,7.6103,268.2545,REORDER,802.057
5,33,57.4589,7.3814,7,1.65,32.2236,434.4357,20972.4906,1024.0237,13.6286,783.0813,SAFE,0.0
5,34,19.3449,5.0539,7,1.65,22.0629,157.4773,7060.8971,594.1758,9.5565,184.8691,SAFE,0.0
5,35,52.4807,6.7535,7,1.65,29.4823,396.8473,19155.4598,978.6588,13.2633,696.0651,SAFE,0.0
5,36,60.4622,8.3901,7,1.65,36.6269,459.8626,22068.7202,1050.4456,11.848,716.3549,SAFE,0.0
5,37,24.2445,5.3613,7,1.65,23.4045,193.1162,8849.2536,665.1787,8.1412,197.3795,SAFE,0.0
5,38,63.7599,8.1655,7,1.65,35.6465,481.9659,23272.3716,1078.7115,11.6324,741.6808,SAFE,0.0
5,39,35.6815,6.4349,7,1.65,28.0915,277.8618,13023.737,806.9615,3.1962,114.0453,REORDER,806.9615
5,40,23.4535,5.1281,7,1.65,22.3867,186.5612,8560.5266,654.2372,4.2006,98.5184,REORDER,654.2372
5,41,17.3037,4.3994,7,1.65,19.2056,140.3314,6315.8431,561.9539,12.1237,209.7849,SAFE,0.0
5,42,27.42,5.4963,7,1.65,23.9941,215.9339,10008.2881,707.3997,11.765,322.5956,SAFE,0.0
5,43,41.2346,6.1152,7,1.65,26.696,315.3382,15050.6311,867.4858,5.559,229.2252,REORDER,867.4858
5,44,23.932,5.1212,7,1.65,22.3564,189.8803,8735.1734,660.8772,8.8385,211.522,SAFE,0.0
5,45,61.6674,8.6837,7,1.65,37.9087,469.5803,22508.5875,1060.8626,9.6662,596.0875,SAFE,0.0
5,46,47.1845,7.4859,7,1.65,32.6794,362.9711,17222.3533,927.9643,12.5451,591.936,SAFE,0.0
5,47,17.5295,4.7046,7,1.65,20.5377,143.2443,6398.2756,565.6092,9.6342,168.8826,SAFE,0.0
5,48,38.7902,7.3881,7,1.65,32.2529,303.7844,14158.4281,841.3807,7.5383,292.4118,REORDER,841.3807
5,49,23.6365,4.1275,7,1.65,18.0188,183.4743,8627.3269,656.7849,7.116,168.198,REORDER,656.7849
5,50,53.3768,7.3502,7,1.65,32.087,405.7247,19482.5368,986.9786,7.6847,410.185,SAFE,0.0
6,1,17.1455,4.1398,7,1.65,18.0724,138.0911,6258.1174,559.3799,10.1712,174.3913,SAFE,0.0
6,2,48.7633,7.3301,7,1.65,31.9994,373.3425,17798.6067,943.3612,12.5424,611.6087,SAFE,0.0
6,3,29.042,6.1048,7,1.65,26.6504,229.9445,10600.3325,728.0224,7.9929,232.1289,SAFE,0.0
6,4,18.0032,4.6715,7,1.65,20.3936,146.4162,6571.1779,573.2006,5.7262,103.0907,REORDER,573.2006
6,5,14.2646,4.1637,7,1.65,18.1767,118.0288,5206.5749,510.2242,5.6033,79.9286,REORDER,510.2242
6,6,47.7644,6.9971,7,1.65,30.5456,364.8961,17433.9915,933.6485,11.2062,535.2549,SAFE,0.0
6,7,45.4333,7.143,7,1.65,31.1828,349.2157,16583.1423,910.5806,11.9823,544.393,SAFE,0.0
6,8,61.8352,7.9432,7,1.65,34.6758,467.5224,22569.8575,1062.3055,4.1581,257.1145,REORDER,1062.3055
6,9,42.7977,6.682,7,1.65,29.17,328.754,15621.1646,883.775,3.7321,159.7274,REORDER,883.775
6,10,59.2836,6.5027,7,1.65,28.3873,443.3727,21638.5234,1040.1568,9.5388,565.4929,SAFE,0.0
6,11,53.2218,8.3659,7,1.65,36.5211,409.0737,19425.9581,985.5445,4.6079,245.241,REORDER,985.5445
6,12,53.4735,8.1688,7,1.65,35.6608,409.9755,19517.8362,987.8724,12.0713,645.4953,SAFE,0.0
6,13,67.9018,9.0004,7,1.65,39.2911,514.6034,24784.1437,1113.1968,6.4137,435.5003,REORDER,1113.1968
6,14,47.3964,7.4291,7,1.65,32.4315,364.2065,17299.6988,930.0457,4.5826,217.1985,REORDER,930.0457
6,15,68.5929,8.8464,7,1.65,38.6187,518.7688,25036.3995,1118.8476,13.1307,900.6708,SAFE,0.0
6,16,20.1912,3.8137,7,1.65,16.6485,157.9867,7369.7781,607.0329,4.8208,97.3386,REORDER,607.0329
6,17,25.6077,5.2868,7,1.65,23.0793,202.333,9346.803,683.6228,6.1319,157.0243,REORDER,683.6228
6,18,70.032,10.026,7,1.65,43.7682,533.9921,25561.6741,1130.5236,4.6897,328.4323,REORDER,1130.5236
6,19,31.1415,6.0743,7,1.65,26.5174,244.5077,11366.6403,753.878,4.2704,132.9863,REORDER,753.878
6,20,36.907,6.6106,7,1.65,28.8586,287.2075,13471.0491,820.7024,3.2326,119.3066,REORDER,820.7024
6,21,33.0979,5.7778,7,1.65,25.223,256.9081,12080.719,777.1975,3.6093,119.4617,REORDER,777.1975
6,22,62.5201,8.882,7,1.65,38.7741,476.4146,22819.825,1068.1719,4.9211,307.6648,REORDER,1068.1719
6,23,22.8359,5.2768,7,1.65,23.036,182.8876,8335.1185,645.5664,3.5872,81.9171,REORDER,645.5664
6,24,54.3998,7.7441,7,1.65,33.8066,414.6052,19855.9274,996.3917,9.5026,516.9386,SAFE,0.0
6,25,61.9382,8.4456,7,1.65,36.8694,470.4366,22607.4331,1063.1894,10.4879,649.5989,SAFE,0.0
6,26,38.0995,6.7372,7,1.65,29.4111,296.1079,13906.3302,833.8564,7.3299,279.2671,REORDER,833.8564
6,27,18.0642,3.7852,7,1.65,16.5242,142.9736,6593.4303,574.1703,6.4979,117.3794,REORDER,574.1703
6,28,70.4126,8.718,7,1.65,38.0584,530.9466,25700.6004,1133.5916,8.5498,602.0129,SAFE,0.0
6,29,54.3333,7.1391,7,1.65,31.1659,411.4993,19831.6715,995.7829,12.6251,685.9615,SAFE,0.0
6,30,30.8148,5.1507,7,1.65,22.4851,238.1885,11247.392,749.9131,12.3624,380.946,SAFE,0.0
6,31,46.3867,6.2755,7,1.65,27.3957,352.1025,16931.1401,920.0853,3.4782,161.3434,REORDER,920.0853
6,32,35.9298,6.6908,7,1.65,29.2084,280.7169,13114.3726,809.7646,4.9965,179.5226,REORDER,809.7646
6,33,55.7512,7.1229,7,1.65,31.0949,421.3534,20349.1945,1008.6921,5.6042,312.4406,REORDER,1008.6921
6,34,19.639,4.085,7,1.65,17.8329,155.3061,7168.2457,598.6754,5.7433,112.7921,REORDER,598.6754
6,35,52.4105,6.6183,7,1.65,28.8923,395.7655,19129.8193,978.0036,9.2836,486.5556,SAFE,0.0
6,36,59.9258,7.6856,7,1.65,33.5513,453.0317,21872.9055,1045.775,7.5789,454.1706,SAFE,0.0
6,37,22.8656,4.0772,7,1.65,17.7991,177.8585,8345.9553,645.9859,3.5418,80.9854,REORDER,645.9859
6,38,65.3055,9.1122,7,1.65,39.779,496.9178,23836.5223,1091.7079,7.1098,464.3064,REORDER,1091.7079
6,39,33.8771,4.9246,7,1.65,21.4984,258.6384,12365.1573,786.2938,8.7613,296.8072,SAFE,0.0
6,40,23.6643,5.0254,7,1.65,21.9385,187.5883,8637.4557,657.1703,4.1184,97.4587,REORDER,657.1703
6,41,16.9134,3.7253,7,1.65,16.2627,134.6565,6173.3933,555.5805,12.168,205.8031,SAFE,0.0
6,42,28.6441,5.735,7,1.65,25.0362,225.5446,10455.0815,723.0173,3.5716,102.3046,REORDER,723.0173
6,43,41.8243,6.4709,7,1.65,28.2486,321.0189,15265.8826,873.6671,13.1733,550.9629,SAFE,0.0
6,44,22.3601,5.1273,7,1.65,22.3831,178.9041,8161.4521,638.8056,4.0902,91.4585,REORDER,638.8056
6,45,63.3433,8.8485,7,1.65,38.6278,482.0308,23120.2982,1075.1813,12.2793,777.8127,SAFE,0.0
6,46,46.0243,6.6921,7,1.65,29.2143,351.384,16798.8519,916.4838,12.9292,595.056,SAFE,0.0
6,47,18.1748,4.249,7,1.65,18.549,145.7728,6633.8127,575.9259,13.7753,250.3633,SAFE,0.0
6,48,40.8973,6.0843,7,1.65,26.561,312.8422,14927.5233,863.9306,11.8223,483.4998,SAFE,0.0
6,49,23.6446,4.8818,7,1.65,21.3113,186.8238,8630.2971,656.8979,11.5743,273.6692,SAFE,0.0
6,50,53.273,7.3025,7,1.65,31.8789,404.79,19444.6495,986.0185,10.0673,536.3163,SAFE,0.0
7,1,16.2068,4.0234,7,1.65,17.5641,131.0115,5915.472,543.8507,11.569,187.4955,SAFE,0.0
7,2,43.1196,6.7312,7,1.65,29.385,331.2221,15738.6444,887.092,4.4801,193.1789,REORDER,887.092
7,3,27.309,5.7953,7,1.65,25.2994,216.4621,9967.7735,705.9665,8.8967,242.961,SAFE,0.0
7,4,15.6073,4.0174,7,1.65,17.5381,126.7894,5696.6748,533.6982,8.6565,135.1041,SAFE,0.0
7,5,13.3673,4.0741,7,1.65,17.7854,111.3566,4879.069,493.9164,12.4333,166.1997,SAFE,0.0
7,6,43.4475,5.9146,7,1.65,25.82,329.9523,15858.329,890.4586,8.0908,351.5245,SAFE,0.0
7,7,43.0352,5.8158,7,1.65,25.3888,326.6349,15707.8309,886.2232,7.236,311.4017,REORDER,886.2232
7,8,56.7843,7.7259,7,1.65,33.7273,431.2173,20726.2618,1017.9946,10.0352,569.8414,SAFE,0.0
7,9,37.7818,5.6477,7,1.65,24.6549,289.1273,13790.3481,830.3718,5.9311,224.0874,REORDER,830.3718
7,10,54.1186,7.2764,7,1.65,31.7651,410.5953,19753.2891,993.8131,4.5375,245.5606,REORDER,993.8131
7,11,49.7595,7.5658,7,1.65,33.0284,381.3447,18162.2073,952.9482,8.2567,410.8465,SAFE,0.0
7,12,50.8303,6.3171,7,1.65,27.577,383.389,18553.0512,963.1472,7.5858,385.5875,SAFE,0.0
7,13,63.8344,8.899,7,1.65,38.8484,485.6892,23299.5566,1079.3414,5.5583,354.8088,REORDER,1079.3414
7,14,42.0969,6.3287,7,1.65,27.6279,322.306,15365.3541,876.5088,7.0426,296.4726,REORDER,876.5088
7,15,62.5961,7.115,7,1.65,31.0604,469.2333,22847.5866,1068.8215,7.0303,440.0706,REORDER,1068.8215
7,16,17.687,4.245,7,1.65,18.5314,142.3405,6455.7561,568.1442,6.6025,116.7776,REORDER,568.1442
7,17,23.1294,5.4489,7,1.65,23.7871,185.6927,8442.2206,649.7007,7.1741,165.9325,REORDER,649.7007
7,18,59.5308,7.3408,7,1.65,32.0464,448.7618,21728.7314,1042.3227,10.5432,627.6434,SAFE,0.0
7,19,29.2011,5.6698,7,1.65,24.7516,229.1596,10658.4182,730.0143,6.2656,182.9639,REORDER,730.0143
7,20,35.0965,6.3273,7,1.65,27.6219,273.2973,12810.2163,800.3192,13.4374,471.6068,SAFE,0.0
7,21,29.5445,5.2795,7,1.65,23.0477,229.8594,10783.7529,734.294,13.0798,386.4374,SAFE,0.0
7,22,57.3285,9.9957,7,1.65,43.6363,444.936,20924.9156,1022.8616,8.29,475.2544,SAFE,0.0
7,23,21.3297,4.6543,7,1.65,20.3185,169.6266,7785.3532,623.9132,6.612,141.0316,REORDER,623.9132
7,24,46.1579,7.5755,7,1.65,33.0708,356.1761,16847.6328,917.8135,8.8898,410.3337,SAFE,0.0
7,25,59.241,8.4213,7,1.65,36.7629,451.45,21622.9725,1039.783,12.3342,730.6885,SAFE,0.0
7,26,32.2151,6.1225,7,1.65,26.7279,252.2335,11758.5055,766.7629,10.1785,327.9,SAFE,0.0
7,27,16.6356,4.3557,7,1.65,19.0148,135.4637,6071.9821,550.9983,11.8483,197.1034,SAFE,0.0
7,28,60.6356,8.726,7,1.65,38.0931,462.5421,22131.9804,1051.9501,8.8599,537.2278,SAFE,0.0
7,29,53.6239,7.8424,7,1.65,34.2359,409.6034,19572.7334,989.2607,9.9621,534.2066,SAFE,0.0
7,30,29.7832,4.9043,7,1.65,21.4097,229.8921,10870.8708,737.2541,6.1697,183.7538,REORDER,737.2541
7,31,45.4352,6.3735,7,1.65,27.8233,345.8695,16583.8377,910.5997,11.0838,503.5955,SAFE,0.0
7,32,31.9316,5.9135,7,1.65,25.8152,249.3367,11655.048,763.3822,5.2265,166.8891,REORDER,763.3822
7,33,50.3985,7.2394,7,1.65,31.6033,384.3927,18395.4483,959.0477,10.6428,536.38,SAFE,0.0
7,34,19.4335,3.9867,7,1.65,17.404,153.4388,7093.2404,595.5351,12.4679,242.2956,SAFE,0.0
7,35,48.0538,7.2625,7,1.65,31.7042,368.0809,17539.6424,936.4732,4.4531,213.9899,REORDER,936.4732
7,36,54.7569,7.9768,7,1.65,34.8227,418.1206,19986.2503,999.6562,9.7582,534.327,SAFE,0.0
7,37,21.3049,4.4057,7,1.65,19.2333,168.3677,7776.2968,623.5502,4.0461,86.2009,REORDER,623.5502
7,38,56.1339,9.224,7,1.65,40.2673,433.2043,20488.8615,1012.1478,10.9829,616.5111,SAFE,0.0
7,39,32.086,5.6241,7,1.65,24.5517,249.154,11711.4046,765.2256,3.9294,126.0797,REORDER,765.2256
7,40,21.5837,4.3366,7,1.65,18.9313,170.0172,7878.0514,627.6166,13.2953,286.9626,SAFE,0.0
7,41,15.6831,4.1078,7,1.65,17.9324,127.7139,5724.3176,534.9915,4.5115,70.7539,REORDER,534.9915
7,42,26.7918,5.7342,7,1.65,25.0324,212.5751,9779.0099,699.25,13.5477,362.9669,SAFE,0.0
7,43,37.9353,6.5966,7,1.65,28.7974,294.3448,13846.397,832.0576,11.8097,448.0059,SAFE,0.0
7,44,21.5207,4.3619,7,1.65,19.0418,169.6867,7855.0536,626.6998,9.5305,205.103,SAFE,0.0
7,45,58.7858,8.0556,7,1.65,35.1668,446.6674,21456.8153,1035.7803,11.6089,682.4364,SAFE,0.0
7,46,42.7565,7.1283,7,1.65,31.1186,330.4143,15606.133,883.3497,11.7463,502.2294,SAFE,0.0
7,47,17.5867,4.0744,7,1.65,17.7869,140.8941,6419.1636,566.5317,13.4063,235.7732,SAFE,0.0
7,48,38.2157,6.12,7,1.65,26.7169,294.2271,13948.7481,835.1272,5.7872,221.1628,REORDER,835.1272
7,49,21.8668,4.9426,7,1.65,21.577,174.645,7981.3989,631.7198,9.4908,207.5346,SAFE,0.0
7,50,46.9937,6.5972,7,1.65,28.8,357.7558,17152.6976,926.0858,4.0455,190.1149,REORDER,926.0858
8,1,26.2385,6.1221,7,1.65,26.726,210.3953,9577.0414,691.9914,9.7778,256.5551,SAFE,0.0
8,2,76.0109,8.9914,7,1.65,39.2518,571.328,27743.9713,1177.7939,4.8842,371.2527,REORDER,1177.7939
8,3,45.9869,7.5779,7,1.65,33.0813,354.9898,16785.2272,916.1121,9.2145,423.7445,SAFE,0.0
8,4,26.0657,4.9822,7,1.65,21.7495,204.2093,9513.9707,689.709,9.2967,242.3257,SAFE,0.0
8,5,23.769,4.8192,7,1.65,21.0383,187.4212,8675.6761,658.6227,8.1258,193.1428,SAFE,0.0
8,6,74.9814,9.4835,7,1.65,41.4003,566.2702,27368.2128,1169.7909,8.7489,656.0085,SAFE,0.0
8,7,75.0344,10.9644,7,1.65,47.8649,573.1054,27387.5422,1170.2039,11.4032,855.6286,SAFE,0.0
8,8,99.7061,11.0066,7,1.65,48.0492,745.9921,36392.7373,1348.9392,11.7917,1175.704,SAFE,0.0
8,9,68.2009,8.6771,7,1.65,37.8799,515.2861,24893.3244,1115.6461,8.4137,573.8208,SAFE,0.0
8,10,94.4557,9.4674,7,1.65,41.3298,702.5199,34476.345,1312.9422,9.5955,906.3527,SAFE,0.0
8,11,86.4766,10.1423,7,1.65,44.2759,649.6119,31563.946,1256.2632,13.2436,1145.2609,SAFE,0.0
8,12,89.7694,10.5809,7,1.65,46.191,674.5768,32765.8302,1279.9576,4.3171,387.5407,REORDER,1279.9576
8,13,108.847,10.8421,7,1.65,47.3311,809.2601,39729.1575,1409.4176,4.2881,466.7511,REORDER,1409.4176
8,14,74.7749,9.1869,7,1.65,40.1054,563.53,27292.855,1168.1792,3.9648,296.4676,REORDER,1168.1792
8,15,115.666,11.2699,7,1.65,49.1985,858.8602,42218.0775,1452.895,10.2365,1184.0142,SAFE,0.0
8,16,32.7427,5.7988,7,1.65,25.3147,254.5137,11951.091,773.0165,7.6047,248.9982,REORDER,773.0165
8,17,41.35,5.7786,7,1.65,25.2265,314.6764,15092.7444,868.6986,11.5175,476.2499,SAFE,0.0
8,18,110.0508,10.8738,7,1.65,47.4693,817.825,40168.5498,1417.19,10.3835,1142.7177,SAFE,0.0
8,19,52.4623,7.7629,7,1.65,33.8887,401.1251,19148.7555,978.4875,6.67,349.9246,REORDER,978.4875
8,20,61.8532,7.8276,7,1.65,34.1712,467.1435,22576.4173,1062.4598,12.882,796.7949,SAFE,0.0
8,21,50.5491,8.0872,7,1.65,35.3044,389.1481,18450.4192,960.4795,11.3879,575.6457,SAFE,0.0
8,22,103.2856,10.4809,7,1.65,45.7543,768.7533,37699.2357,1372.9391,5.9759,617.2227,REORDER,1372.9391
8,23,37.0065,7.1341,7,1.65,31.1439,290.1891,13507.3568,821.8077,7.0061,259.2714,REORDER,821.8077
8,24,82.9399,9.78,7,1.65,42.6945,623.2741,30273.0781,1230.3064,6.4588,535.6958,REORDER,1230.3064
8,25,103.0234,9.6279,7,1.65,42.0305,763.194,37603.5288,1371.1953,4.7337,487.6846,REORDER,1371.1953
8,26,61.955,8.7895,7,1.65,38.3706,472.0553,22613.5591,1063.3334,4.6256,286.5799,REORDER,1063.3334
8,27,28.5753,4.9919,7,1.65,21.792,221.8191,10429.9804,722.1489,13.2974,379.9771,SAFE,0.0
8,28,112.5022,11.6729,7,1.65,50.958,838.4733,41063.2993,1432.8869,7.8169,879.4234,SAFE,0.0
8,29,87.6053,9.7886,7,1.65,42.7322,655.9692,31975.9275,1264.4352,7.2165,632.2051,REORDER,1264.4352
8,30,51.1232,6.5354,7,1.65,28.5302,386.3926,18659.9644,965.9183,11.0265,563.712,SAFE,0.0
8,31,72.7013,8.4008,7,1.65,36.6737,545.583,26535.9872,1151.8678,9.0829,660.3407,SAFE,0.0
8,32,59.0425,8.4699,7,1.65,36.9751,450.2726,21550.5152,1038.0394,13.2975,785.1201,SAFE,0.0
8,33,91.787,11.0659,7,1.65,48.3079,690.817,33502.2575,1294.2615,11.5833,1063.1979,SAFE,0.0
8,34,34.2092,5.7822,7,1.65,25.242,264.7065,12486.3633,790.1381,8.2731,283.0151,SAFE,0.0
8,35,84.4584,10.6633,7,1.65,46.5505,637.7591,30827.3061,1241.5173,7.14,603.0289,REORDER,1241.5173
8,36,99.2055,10.6064,7,1.65,46.3021,740.7402,36209.9914,1345.5481,13.8529,1374.2879,SAFE,0.0
8,37,37.2002,5.6871,7,1.65,24.827,285.2283,13578.0645,823.9558,10.8954,405.3094,SAFE,0.0
8,38,100.4628,11.4775,7,1.65,50.1048,753.3444,36668.9235,1354.0481,13.4631,1352.5449,SAFE,0.0
8,39,56.2748,8.4599,7,1.65,36.9316,430.855,20540.2935,1013.4173,4.3033,242.1652,REORDER,1013.4173
8,40,36.7199,6.0017,7,1.65,26.2002,283.2392,13402.748,818.6192,12.3559,453.7058,SAFE,0.0
8,41,27.652,5.8267,7,1.65,25.4364,219.0002,10092.9708,710.3862,10.0078,276.7358,SAFE,0.0
8,42,45.855,7.2302,7,1.65,31.5633,352.5485,16737.0853,914.7974,4.3411,199.063,REORDER,914.7974
8,43,65.1289,8.8141,7,1.65,38.4778,494.3803,23772.061,1090.2307,9.4708,616.8256,SAFE,0.0
8,44,37.6151,5.5741,7,1.65,24.3338,287.6397,13729.5217,828.5385,10.5471,396.729,SAFE,0.0
8,45,103.8961,10.7758,7,1.65,47.0418,774.3143,37922.0638,1376.9906,3.1353,325.7484,REORDER,1376.9906
8,46,72.5565,9.1663,7,1.65,40.0155,547.9109,26483.1135,1150.7196,7.9975,580.2702,SAFE,0.0
8,47,27.7909,5.5709,7,1.65,24.3196,218.8555,10143.6603,712.1678,12.0794,335.6966,SAFE,0.0
8,48,67.7231,9.2556,7,1.65,40.4053,514.4669,24718.9276,1111.7313,6.2489,423.1982,REORDER,1111.7313
8,49,37.1241,5.9009,7,1.65,25.7602,285.6288,13550.2935,823.1128,8.044,298.6273,SAFE,0.0
8,50,85.4561,8.9966,7,1.65,39.2745,637.4671,31191.4686,1248.8288,7.8655,672.151,SAFE,0.0
9,1,23.6746,4.5365,7,1.65,19.8039,185.526,8641.2225,657.3136,6.3212,149.6518,REORDER,657.3136
9,2,64.9297,7.5505,7,1.65,32.9617,487.4695,23699.3385,1088.5619,13.1029,850.7648,SAFE,0.0
9,3,39.8313,5.942,7,1.65,25.9396,304.7586,14538.4198,852.5966,11.5942,461.8133,SAFE,0.0
9,4,22.8051,5.5216,7,1.65,24.1043,183.7403,8323.8755,645.1308,4.2165,96.1572,REORDER,645.1308
9,5,20.3676,4.1435,7,1.65,18.0882,160.6612,7434.1645,609.6788,13.9674,284.4817,SAFE,0.0
9,6,63.2079,7.5346,7,1.65,32.8924,475.3474,23070.8698,1074.0314,12.6712,800.9195,SAFE,0.0
9,7,63.8096,8.2003,7,1.65,35.7984,482.4654,23290.4919,1079.1314,6.123,390.7055,REORDER,1079.1314
9,8,85.4956,9.2541,7,1.65,40.3987,638.8676,31205.8796,1249.1173,12.2059,1043.547,SAFE,0.0
9,9,58.6255,8.0648,7,1.65,35.207,445.5856,21398.3121,1034.3672,4.1706,244.5044,REORDER,1034.3672
9,10,81.8982,9.3291,7,1.65,40.7262,614.0137,29892.8491,1222.5557,13.9902,1145.7685,SAFE,0.0
9,11,77.0762,8.9437,7,1.65,39.0435,578.5772,28132.8294,1186.0192,10.3225,795.622,SAFE,0.0
9,12,77.0158,9.2101,7,1.65,40.2065,579.3175,28110.7848,1185.5544,10.1514,781.8168,SAFE,0.0
9,13,94.5751,9.4319,7,1.65,41.1747,703.2001,34519.8943,1313.7712,3.9948,377.813,REORDER,1313.7712
9,14,64.1151,7.855,7,1.65,34.2908,483.0967,23402.0199,1081.7121,12.8674,824.9928,SAFE,0.0
9,15,98.0261,10.0897,7,1.65,44.0463,730.2291,35779.5304,1337.5263,3.319,325.3481,REORDER,1337.5263
9,16,28.5856,5.2704,7,1.65,23.008,223.1072,10433.744,722.2792,5.6491,161.4832,REORDER,722.2792
9,17,37.3872,7.1893,7,1.65,31.385,293.0954,13646.3264,826.0244,4.5732,170.9806,REORDER,826.0244
9,18,93.1339,10.8257,7,1.65,47.2596,699.1969,33993.8729,1303.723,11.5444,1075.1794,SAFE,0.0
9,19,44.561,6.9664,7,1.65,30.4116,342.3389,16264.7803,901.7977,5.1802,230.8372,REORDER,901.7977
9,20,52.6616,7.2716,7,1.65,31.744,400.3754,19221.4921,980.3441,13.017,685.4974,SAFE,0.0
9,21,47.5528,7.5492,7,1.65,32.9561,365.8255,17356.7575,931.5782,10.219,485.9397,SAFE,0.0
9,22,88.4685,9.8852,7,1.65,43.1537,662.4329,32290.9869,1270.6492,3.3978,300.5972,REORDER,1270.6492
9,23,29.8252,7.085,7,1.65,30.9294,239.7057,10886.1899,737.7733,3.0597,91.2569,REORDER,737.7733
9,24,70.6095,8.1421,7,1.65,35.5442,529.8106,25772.4604,1135.1753,3.5682,251.9514,REORDER,1135.1753
9,25,85.7939,10.9885,7,1.65,47.9702,648.5275,31314.7704,1251.2947,9.6652,829.2131,SAFE,0.0
9,26,50.9175,6.7655,7,1.65,29.5349,385.9576,18584.8996,963.9735,11.8163,601.6568,SAFE,0.0
9,27,23.9088,4.9893,7,1.65,21.7808,189.1422,8726.7029,660.5567,5.6241,134.4649,REORDER,660.5567
9,28,92.9091,10.9632,7,1.65,47.8599,698.2236,33911.8215,1302.1486,12.3435,1146.8232,SAFE,0.0
9,29,76.116,10.874,7,1.65,47.4702,580.2821,27782.3339,1178.6079,3.6296,276.2669,REORDER,1178.6079
9,30,45.1835,7.3012,7,1.65,31.8732,348.1576,16491.9755,908.0742,11.8106,533.6443,SAFE,0.0
9,31,62.9475,9.2661,7,1.65,40.4509,481.0832,22975.8265,1071.8168,13.2057,831.2685,SAFE,0.0
9,32,50.2247,6.5907,7,1.65,28.7715,380.3445,18332.0208,957.3928,11.4932,577.2423,SAFE,0.0
9,33,74.8607,10.2139,7,1.65,44.5888,568.6134,27324.1403,1168.8486,10.6793,799.4616,SAFE,0.0
9,34,27.7869,5.3641,7,1.65,23.4171,217.9254,10142.219,712.1172,12.2178,339.4943,SAFE,0.0
9,35,71.0653,9.1082,7,1.65,39.762,537.2189,25938.8253,1138.8333,3.4417,244.5828,REORDER,1138.8333
9,36,82.9206,9.9811,7,1.65,43.5724,624.0168,30266.0301,1230.1632,5.2196,432.8128,REORDER,1230.1632
9,37,32.874,6.4093,7,1.65,27.9796,258.0979,11999.0253,774.5652,4.3742,143.7963,REORDER,774.5652
9,38,88.6812,10.2055,7,1.65,44.5518,665.3205,32368.6503,1272.1763,8.5498,758.2104,SAFE,0.0
9,39,48.3727,7.3122,7,1.65,31.9212,370.53,17656.0273,939.5751,11.1971,541.6322,SAFE,0.0
9,40,30.7638,6.2288,7,1.65,27.1918,242.5387,11228.8045,749.2932,9.9301,305.489,SAFE,0.0
9,41,24.5209,5.5394,7,1.65,24.1823,195.8287,8950.1361,668.9595,12.3624,303.1385,SAFE,0.0
9,42,39.8693,7.1074,7,1.65,31.0274,310.1123,14552.2824,853.003,4.7073,187.6783,REORDER,853.003
9,43,56.7622,8.2534,7,1.65,36.03,433.3653,20718.1988,1017.7966,11.0808,628.9723,SAFE,0.0
9,44,30.7503,5.531,7,1.65,24.1456,239.3975,11223.8458,749.1277,5.1235,157.5476,REORDER,749.1277
9,45,87.7189,9.3831,7,1.65,40.9619,654.9945,32017.4147,1265.2552,5.9783,524.4142,REORDER,1265.2552
9,46,62.4818,8.1378,7,1.65,35.5253,472.898,22805.8608,1067.845,10.809,675.3629,SAFE,0.0
9,47,23.4292,4.9581,7,1.65,21.6446,185.6489,8551.6523,653.898,13.7823,322.9069,SAFE,0.0
9,48,58.4808,7.7175,7,1.65,33.6905,443.0562,21345.5012,1033.0901,9.727,568.8418,SAFE,0.0
9,49,33.6329,5.7514,7,1.65,25.1078,260.5381,12276.0126,783.4543,3.5995,121.0618,REORDER,783.4543
9,50,70.9643,8.6507,7,1.65,37.7647,534.515,25901.9795,1138.0242,9.7794,693.9884,SAFE,0.0
10,1,26.0371,4.0599,7,1.65,17.7233,199.9828,9503.5357,689.3307,3.4659,90.2408,REORDER,689.3307
10,2,66.7441,8.2246,7,1.65,35.9043,503.1127,24361.5806,1103.6662,12.7256,849.3584,SAFE,0.0
10,3,40.8893,7.7239,7,1.65,33.7187,319.9438,14924.5953,863.8459,10.8054,441.8237,SAFE,0.0
10,4,26.419,5.8601,7,1.65,25.5823,210.5153,9642.9332,694.3678,4.9044,129.5695,REORDER,694.3678
10,5,22.2574,5.3289,7,1.65,23.2631,179.0647,8123.9408,637.3359,4.0089,89.2283,REORDER,637.3359
10,6,70.3194,9.1875,7,1.65,40.108,532.344,25666.5945,1132.8414,5.0189,352.9238,REORDER,1132.8414
10,7,67.0177,6.9677,7,1.65,30.4173,499.5415,24461.4758,1105.9267,13.7803,923.5245,SAFE,0.0
10,8,87.3192,10.8077,7,1.65,47.1808,658.4148,31871.4902,1262.3686,8.0442,702.4098,SAFE,0.0
10,9,61.28,9.3638,7,1.65,40.8778,469.8377,22367.1944,1057.5253,11.6249,712.3731,SAFE,0.0
10,10,85.1627,10.2224,7,1.65,44.626,640.765,31084.392,1246.6834,10.0005,851.6691,SAFE,0.0
10,11,79.1229,10.3421,7,1.65,45.1482,599.0085,28879.8563,1201.6625,9.2965,735.5695,SAFE,0.0
10,12,80.9073,10.6344,7,1.65,46.4243,612.7756,29531.1742,1215.1373,4.5964,371.8851,REORDER,1215.1373
10,13,96.2573,9.7877,7,1.65,42.7283,716.5295,35133.9209,1325.4041,13.4063,1290.4515,SAFE,0.0
10,14,68.7727,8.1503,7,1.65,35.5799,516.9888,25102.0388,1120.3133,6.3148,434.2838,REORDER,1120.3133
10,15,102.8834,10.7035,7,1.65,46.7262,766.91,37552.4416,1370.2635,9.3582,962.8024,SAFE,0.0
10,16,29.5314,5.2294,7,1.65,22.829,229.5485,10778.9499,734.1304,10.6975,315.9129,SAFE,0.0
10,17,38.1554,5.5252,7,1.65,24.12,291.2075,13926.703,834.467,10.1416,386.955,SAFE,0.0
10,18,98.6999,8.4097,7,1.65,36.7123,727.6115,36025.4562,1342.1151,13.3465,1317.3017,SAFE,0.0
10,19,48.0789,7.2573,7,1.65,31.6818,368.2343,17548.813,936.718,4.6328,222.7415,REORDER,936.718
10,20,55.1406,7.3341,7,1.65,32.0169,418.0013,20126.3267,1003.1532,8.5919,473.7616,SAFE,0.0
10,21,47.2386,6.6701,7,1.65,29.1184,359.7885,17242.0809,928.4956,7.4444,351.6618,REORDER,928.4956
10,22,93.2372,9.1299,7,1.65,39.8564,692.5171,34031.5945,1304.4461,8.2159,766.0238,SAFE,0.0
10,23,35.3688,5.4982,7,1.65,24.0023,271.584,12909.617,803.4182,4.3114,152.4888,REORDER,803.4182
10,24,74.0934,10.0732,7,1.65,43.9743,562.6284,27044.103,1162.8436,4.475,331.5711,REORDER,1162.8436
10,25,91.6693,10.5556,7,1.65,46.0803,687.7655,33459.2989,1293.4315,6.0588,555.4089,REORDER,1293.4315
10,26,58.1116,8.6686,7,1.65,37.8427,444.624,21210.7391,1029.8237,6.3518,369.1105,REORDER,1029.8237
10,27,25.5749,4.8694,7,1.65,21.2572,200.2817,9334.8489,683.1855,7.7069,197.1043,REORDER,683.1855
10,28,102.7247,9.2733,7,1.65,40.4825,759.5553,37494.5074,1369.2061,9.7209,998.5725,SAFE,0.0
10,29,82.4126,10.0538,7,1.65,43.89,620.7781,30080.5937,1226.3889,9.9809,822.5534,SAFE,0.0
10,30,47.5185,6.6853,7,1.65,29.1844,361.8136,17344.2374,931.2421,7.5299,357.8102,REORDER,931.2421
10,31,68.3204,7.6002,7,1.65,33.1786,511.4212,24936.9391,1116.623,7.4966,512.1715,SAFE,0.0
10,32,50.2014,6.7711,7,1.65,29.5591,380.9688,18323.504,957.1704,5.3939,270.7819,REORDER,957.1704
10,33,82.2467,9.0693,7,1.65,39.5921,615.3188,30020.0369,1225.1538,9.4714,778.9886,SAFE,0.0
10,34,31.3923,4.8979,7,1.65,21.3817,241.1279,11458.1949,756.908,6.4875,203.6561,REORDER,756.908
10,35,75.2955,8.2298,7,1.65,35.9271,562.9954,27482.8482,1172.2382,3.3967,255.753,REORDER,1172.2382
10,36,87.353,9.4103,7,1.65,41.0806,652.5514,31883.8317,1262.613,7.6024,664.0922,SAFE,0.0
10,37,32.2064,5.8629,7,1.65,25.5944,251.0391,11755.3315,766.6594,8.2155,264.5903,SAFE,0.0
10,38,91.1878,10.9412,7,1.65,47.7638,686.0784,33283.5493,1290.03,5.4815,499.8479,REORDER,1290.03
10,39,51.0504,7.7418,7,1.65,33.7968,391.1499,18633.4096,965.2308,9.297,474.6178,SAFE,0.0
10,40,34.7096,6.0058,7,1.65,26.2183,269.1852,12668.9863,795.8953,9.2235,320.1432,SAFE,0.0
10,41,25.6811,4.7114,7,1.65,20.5676,200.3352,9373.5993,684.602,10.722,275.3533,SAFE,0.0
10,42,45.8586,7.248,7,1.65,31.6412,352.6513,16738.3874,914.833,10.1274,464.4299,SAFE,0.0
10,43,62.0492,8.3811,7,1.65,36.5875,470.9317,22647.9482,1064.1416,10.1768,631.4598,SAFE,0.0
10,44,35.2991,4.9993,7,1.65,21.8246,268.9183,12884.1701,802.626,6.4784,228.6801,REORDER,802.626
10,45,97.2292,9.9447,7,1.65,43.4133,724.0177,35488.6549,1332.0784,11.6618,1133.863,SAFE,0.0
10,46,69.6364,8.7325,7,1.65,38.1216,525.5766,25417.298,1127.3264,9.0406,629.5543,SAFE,0.0
10,47,25.939,5.2927,7,1.65,23.1052,204.6784,9467.7452,688.0314,7.7456,200.9133,REORDER,688.0314
10,48,61.871,8.1267,7,1.65,35.4772,468.5745,22582.9278,1062.613,9.8861,611.6655,SAFE,0.0
10,49,33.7962,6.1682,7,1.65,26.9271,263.5007,12335.6234,785.3542,6.9672,235.4661,REORDER,785.3542
10,50,79.3658,8.989,7,1.65,39.2412,594.8018,28968.5141,1203.5056,8.6401,685.7309,SAFE,0.0
